fragments,num_positions,filled,cluster
[100He]C([101He])C(C#N)[N+]#[C-],2,[C-]#[N+]C(C)C#N,0
[100He]C([101He])CC#N,2,CCC#N,0
[100He]CC([101He])C#N,2,CCC#N,0
[100He]C([101He])C#N,2,CC#N,0
[100He]C#CC[101He],2,C#CC,1
[100He]c1nnnnc1[101He],2,c1cnnnn1,2
[100He]C1=[SH]C([101He])=NC1,2,C1=NCC=[SH]1,2
[100He]c1nnc([101He])s1,2,c1nncs1,2
[100He]c1nc([101He])no1,2,c1ncon1,2
[100He]c1nnc([101He])o1,2,c1nnco1,2
[100He]c1nnnc([101He])n1,2,c1ncnnn1,2
[100He]c1noc([101He])n1,2,c1ncon1,2
[100He]c1nnc([101He])nn1,2,c1nncnn1,2
[100He]c1nn[nH]c1[101He],2,c1c[nH]nn1,2
[100He]c1nc([101He])ns1,2,c1ncsn1,2
[100He]c1nnc([101He])[nH]1,2,c1nnc[nH]1,2
[100He]C1CCCCC1[101He],2,C1CCCCC1,3
[100He]C1CCCC1[101He],2,C1CCCC1,3
[100He]C([101He])C(C)(C)C(=O)O,2,CC(C)(C)C(=O)O,4
[100He]C(=O)C(NC)C([101He])O,2,CNC(C=O)CO,4
[100He]CC(=O)C([101He])C,2,CCC(C)=O,4
[100He]C(=O)NC([101He])C(C)C,2,CC(C)CNC=O,4
[100He]C(=O)NC([101He])C,2,CCNC=O,4
[100He]C(=O)C(NCC)C([101He])O,2,CCNC(C=O)CO,4
[100He]C(=O)C(N)C([101He])O,2,NC(C=O)CO,4
[100He]C(=O)C(C)C([101He])O,2,CC(C=O)CO,4
[100He]C(=O)C([101He])C,2,CCC=O,4
[100He]CC(=O)C([101He])O,2,CC(=O)CO,4
[100He]C(=O)NCC([101He])C,2,CCCNC=O,4
[100He]C(=O)C=C[101He],2,C=CC=O,5
[100He]C(=C)C=C[101He],2,C=CC=C,5
[100He]C=CC=CC([101He])=C,2,C=CC=CC=C,6
[100He]C=C[101He],2,C=C,6
[100He]C=CC=C[101He],2,C=CC=C,6
[100He]CCCC(=O)OCC[101He],2,CCCC(=O)OCC,7
[100He]CCCOC([101He])=O,2,CCCOC=O,7
[100He]CCCCCOC([101He])=O,2,CCCCCOC=O,7
[100He]CCCOC(=O)C[101He],2,CCCOC(C)=O,7
[100He]CCOC([101He])=O,2,CCOC=O,7
[100He]CCOC(=O)C[101He],2,CCOC(C)=O,7
[100He]CCCCNC([101He])=O,2,CCCCNC=O,8
[100He]CNC([101He])=O,2,CNC=O,8
[100He]CCCNC([101He])=C,2,C=CNCCC,8
[100He]CCCNC([101He])=O,2,CCCNC=O,8
[100He]CCNC([101He])=O,2,CCNC=O,8
[100He]CCCCCNC([101He])=O,2,CCCCCNC=O,8
[100He]C(=O)NCNC([101He])=O,2,O=CNCNC=O,8
[100He]C=CCNC([101He])=O,2,C=CCNC=O,8
[100He]CC(O)CNC([101He])=O,2,CC(O)CNC=O,8
[100He]C1=C([101He])CCCC1=O,2,O=C1C=CCCC1,9
[100He]C1=C([101He])CCC1=O,2,O=C1C=CCC1,9
[100He]C1=CC2=C(C=C([101He])C2)C1,2,C1=CC2=C(C=CC2)C1,10
[100He]C1=CC([101He])=NC1,2,C1=CCN=C1,10
[100He]C1=CC=C([101He])CC1,2,C1=CCCC=C1,10
[100He]C1=CC([101He])=CCC1,2,C1=CCCC=C1,10
[100He]C1=CCC([101He])=C1,2,C1=CCC=C1,10
[100He]C1=CC=C([101He])C1,2,C1=CCC=C1,10
[100He]C(CC[101He])=NOC(C)=O,2,CCC=NOC(C)=O,11
[100He]C(=NOC(C)=O)C([101He])=O,2,CC(=O)ON=CC=O,11
[100He]C([101He])=NOC(C)=O,2,C=NOC(C)=O,11
[100He]C(C)=NOC([101He])=O,2,CC=NOC=O,11
[100He]C(=O)C([101He])=NOC(C)=O,2,CC(=O)ON=CC=O,11
[100He]CCC(=O)OC[101He],2,CCC(=O)OC,12
[100He]C(=O)CCC(=O)OC[101He],2,COC(=O)CCC=O,12
[100He]COC(=O)C[101He],2,COC(C)=O,12
[100He]C(=O)COC([101He])=O,2,O=CCOC=O,12
[100He]CNC(=O)OC[101He],2,CNC(=O)OC,12
[100He]COC(=O)C=C[101He],2,C=CC(=O)OC,12
[100He]COC([101He])=O,2,COC=O,12
[100He]CC(=O)OC[101He],2,COC(C)=O,12
[100He]CNCC[101He],2,CCNC,13
[100He]C([101He])CCCC(=O)OC,2,CCCCC(=O)OC,14
[100He]C([101He])OCC,2,CCOC,14
[100He]C(CC)CC([101He])C,2,CCCCCC,14
[100He]C(CC)C([101He])=O,2,CCCC=O,14
[100He]C([101He])CC(=O)O,2,CCC(=O)O,14
[100He]C(C)CC([101He])CC,2,CCCCCC,14
[100He]C([101He])CC,2,CCC,14
[100He]CC([101He])CCC,2,CCCCC,14
[100He]C(CC)NC([101He])=O,2,CCCNC=O,14
[100He]C(C)CCC([101He])C,2,CCCCCC,14
[100He]C(CCCCC)OC[101He],2,CCCCCCOC,14
[100He]C([101He])C(C)C,2,CC(C)C,15
[100He]C(O)C=C[101He],2,C=CCO,15
[100He]C([101He])C,2,CC,15
[100He]C([101He])O,2,CO,15
[100He]C([101He])NC,2,CNC,15
[100He]C([101He])C(=O)O,2,CC(=O)O,15
[100He]C(O)C(N)C([101He])=C,2,C=CC(N)CO,15
[100He]C([101He])C(C)N(C)C,2,CC(C)N(C)C,15
[100He]C([101He])F,2,CF,15
[100He]C([101He])OC,2,COC,15
[100He]C([101He])OC(=O)C(F)(F)F,2,COC(=O)C(F)(F)F,15
[100He]C([101He])NS(=O)C(C)(C)C,2,CNS(=O)C(C)(C)C,15
[100He]C([101He])N,2,CN,15
[100He]C([101He])OC(=O)C=C,2,C=CC(=O)OC,15
[100He]C([101He])OO,2,COO,15
[100He]C1([101He])CCOCC1,2,C1CCOCC1,16
[100He]C1([101He])CCCOC1,2,C1CCOCC1,16
[100He]C1([101He])CC2(COC2)C1,2,C1CC2(C1)COC2,16
[100He]C1([101He])OCCO1,2,C1COCO1,16
[100He]C1([101He])CO1,2,C1CO1,16
[100He]C1([101He])COC1,2,C1COC1,16
[100He]C1([101He])CCCO1,2,C1CCOC1,16
[100He]C1([101He])CCOC1,2,C1CCOC1,16
[100He]C=C([101He])C(=O)O,2,C=CC(=O)O,17
[100He]c1ccnc([101He])n1,2,c1cncnc1,18
[100He]c1ccc([101He])nc1,2,c1ccncc1,18
[100He]c1cc([101He])ncn1,2,c1cncnc1,18
[100He]c1ccc([101He])nn1,2,c1ccnnc1,18
[100He]c1cnc([101He])nn1,2,c1cnncn1,18
[100He]c1cccc([101He])n1,2,c1ccncc1,18
[100He]c1cnc([101He])cn1,2,c1cnccn1,18
[100He]c1cncc([101He])n1,2,c1cnccn1,18
[100He]C1C=C([101He])N=N1,2,C1=CN=NC1,18
[100He]c1ccnc([101He])c1,2,c1ccncc1,18
[100He]CN(CCC)C(=O)C[101He],2,CCCN(C)C(C)=O,19
[100He]CC(=O)N(C)C[101He],2,CC(=O)N(C)C,19
[100He]C(=O)CCCC[101He],2,CCCCC=O,19
[100He]C(C[101He])C(=O)O,2,CCC(=O)O,19
[100He]CC(=O)C[101He],2,CC(C)=O,19
[100He]C(=O)CC([101He])=O,2,O=CCC=O,19
[100He]CC(=O)CC[101He],2,CCC(C)=O,19
[100He]C(=O)C=C(C[101He])SC,2,CSC(C)=CC=O,19
[100He]C(=O)CCC([101He])=O,2,O=CCCC=O,19
[100He]CCC(=O)C[101He],2,CCC(C)=O,19
[100He]C(=O)C[101He],2,CC=O,19
[100He]CC([101He])=O,2,CC=O,19
[100He]C(=O)CC[101He],2,CCC=O,19
[100He]C(=O)CCC[101He],2,CCCC=O,19
[100He]C(C(=O)OC)C(O)C[101He],2,COC(=O)CC(C)O,19
[100He]CCC(=O)CC[101He],2,CCC(=O)CC,19
[100He]CC(=O)N(C[101He])CCO,2,CC(=O)N(C)CCO,19
[100He]C1=CCC([101He])CC1,2,C1=CCCCC1,20
[100He]C1=CCC([101He])S1,2,C1=CSCC1,20
[100He]C1CCC=C1[101He],2,C1=CCCC1,20
[100He]C1=CCCC1[101He],2,C1=CCCC1,20
[100He]c1cc([101He])cs1,2,c1ccsc1,21
[100He]c1csc([101He])c1,2,c1ccsc1,21
[100He][Si]([101He])(C)C,2,C[SiH2]C,22
[100He]CCC[Si]([101He])(C)C,2,CCC[SiH](C)C,22
[100He][Si](C)(C)C=C[101He],2,C=C[SiH](C)C,22
[100He]C=C[Si]([101He])(C)C,2,C=C[SiH](C)C,22
[100He][Si](C)(C)O[Si]([101He])(C)C,2,C[SiH](C)O[SiH](C)C,22
[100He][Si]([101He])(Cl)Cl,2,Cl[SiH2]Cl,22
[100He][Si]([101He])(CC)CC,2,CC[SiH2]CC,22
[100He]C[Si]([101He])(CC)CC,2,CC[SiH](C)CC,22
[100He]C#C[Si]([101He])(C)C,2,C#C[SiH](C)C,22
[100He]CCCOC[101He],2,CCCOC,23
[100He]CCCCCCOC[101He],2,CCCCCCOC,23
[100He]CCOCCC[101He],2,CCCOCC,23
[100He]CCOC[101He],2,CCOC,23
[100He]CCCOCC[101He],2,CCCOCC,23
[100He]CCOCC[101He],2,CCOCC,23
[100He]C1C=CN=C1[101He],2,C1=CN=CC1,24
[100He]C1C=CC([101He])=CC1,2,C1=CCCC=C1,24
[100He]C1=CC=CC([101He])C1,2,C1=CCCC=C1,24
[100He]C1C=CC=C1[101He],2,C1=CCC=C1,24
[100He]C1C=CC=C([101He])C1,2,C1=CCCC=C1,24
[100He]C1=CC=CC1[101He],2,C1=CCC=C1,24
[100He]C1C=C[SH]=C1[101He],2,C1=C[SH]=CC1,24
[100He]C([101He])=C,2,C=C,25
[100He]C=C([101He])[N+]#[C-],2,[C-]#[N+]C=C,25
[100He]C=C([101He])C,2,C=CC,25
[100He]C(CC)=C([101He])CC,2,CCC=CCC,25
[100He]C([101He])=C1C=CC=N1,2,C=C1C=CC=N1,25
[100He]C(=C)CCC([101He])=C,2,C=CCCC=C,25
[100He]C([101He])=S,2,C=S,25
[100He]C(C)=C([101He])C,2,CC=CC,25
[100He]C=C([101He])C#N,2,C=CC#N,25
[100He]C(Cl)=NN=C([101He])Cl,2,ClC=NN=CCl,25
[100He]C(C#N)=C[101He],2,C=CC#N,25
[100He]CCC([101He])=O,2,CCC=O,26
[100He]CCCCC([101He])=O,2,CCCCC=O,26
[100He]CC(=O)CCC([101He])=O,2,CC(=O)CCC=O,26
[100He]CCCCC([101He])=C,2,C=CCCCC,26
[100He]CCCC([101He])=O,2,CCCC=O,26
[100He]C1([101He])CCCCC1=O,2,O=C1CCCCC1,27
[100He]C1([101He])CCCNC1,2,C1CCNCC1,27
[100He]C1([101He])CCCC1,2,C1CCCC1,27
[100He]C1([101He])CCCCC1,2,C1CCCCC1,27
[100He]C1([101He])CCNCC1,2,C1CCNCC1,27
[100He]C1([101He])CCC1,2,C1CCC1,27
[100He]C1([101He])CC1,2,C1CC1,27
[100He]C1([101He])C=CCC1,2,C1=CCCC1,27
[100He]C1([101He])CNC1,2,C1CNC1,27
[100He]c1sc([101He])c2c1N=S=N2,2,c1scc2c1N=S=N2,28
[100He]c1sc([101He])c2sncc12,2,c1nsc2cscc12,28
[100He]c1sc([101He])c2nnsc12,2,c1scc2snnc12,28
[100He]c1sc([101He])c2c1OCO2,2,c1scc2c1OCO2,28
[100He]c1cc2nc([101He])sc2s1,2,c1cc2ncsc2s1,29
[100He]c1nc2nc([101He])sc2s1,2,c1nc2ncsc2s1,29
[100He]c1cc2sc([101He])nc2s1,2,c1nc2sccc2s1,29
[100He]c1ncncc1[101He],2,c1cncnc1,30
[100He]c1ncccc1[101He],2,c1ccncc1,30
[100He]c1ccccc1[101He],2,c1ccccc1,30
[100He]c1cccnc1[101He],2,c1ccncc1,30
[100He]C1CCC([101He])CC1,2,C1CCCCC1,31
[100He]C1CC([101He])CN1,2,C1CCNC1,31
[100He]C1CCC([101He])C1,2,C1CCCC1,31
[100He]C1CCNC([101He])C1,2,C1CCNCC1,31
[100He]C1CC([101He])CCO1,2,C1CCOCC1,31
[100He]C1CCCC([101He])C1,2,C1CCCCC1,31
[100He]C1CCOC([101He])C1,2,C1CCOCC1,31
[100He]C1CNCC([101He])C1,2,C1CCNCC1,31
[100He]C1CCCC([101He])CC1,2,C1CCCCCC1,31
[100He]C1CC([101He])C1,2,C1CCC1,31
[100He]CC(=O)NC(C)CC[101He],2,CCC(C)NC(C)=O,32
[100He]C1CCC([101He])OC1,2,C1CCOCC1,33
[100He]C1CCC([101He])O1,2,C1CCOC1,33
[100He]C1Cc2c([101He])cccc21,2,c1ccc2c(c1)CC2,34
[100He]C1Cc2cccc([101He])c21,2,c1ccc2c(c1)CC2,34
[100He]c1[nH]ccc1[101He],2,c1cc[nH]c1,35
[100He]c1cocc1[101He],2,c1ccoc1,35
[100He]c1ccsc1[101He],2,c1ccsc1,35
[100He]c1c([101He])c(=O)c1=O,2,O=c1ccc1=O,35
[100He]c1ccc([101He])[nH]1,2,c1cc[nH]c1,35
[100He]C1=CC=C([101He])S1(=O)=O,2,O=S1(=O)C=CC=C1,35
[100He]c1ccc([101He])cc1,2,c1ccccc1,35
[100He]c1cccc([101He])c1,2,c1ccccc1,35
[100He]c1ccc([101He])s1,2,c1ccsc1,35
[100He]C1=CC([101He])N=N1,2,C1=CN=NC1,35
[100He]C1=CC=C([101He])C(=N)C1=N,2,N=C1C=CC=CC1=N,35
[100He]C1=CC2SC([101He])=CC2S1,2,C1=CC2SC=CC2S1,35
[100He]c1cscc1[101He],2,c1ccsc1,35
[100He]C1=CC=C([101He])S1=O,2,O=S1C=CC=C1,35
[100He]c1nc([101He])n[nH]1,2,c1nc[nH]n1,36
[100He]c1n[nH]c([101He])n1,2,c1nc[nH]n1,36
[100He]c1c[nH]c([101He])n1,2,c1c[nH]cn1,36
[100He]c1cc([101He])[nH]n1,2,c1cn[nH]c1,36
[100He]C1COC([101He])O1,2,C1COCO1,37
[100He]C1OCC([101He])CO1,2,C1COCOC1,37
[100He]C1OCC([101He])O1,2,C1COCO1,37
[100He]C1COC([101He])OC1,2,C1COCOC1,37
[100He]C1COC([101He])=N1,2,C1=NCCO1,37
[100He]C1CC([101He])CO1,2,C1CCOC1,37
[100He]CN(C)CCC[101He],2,CCCN(C)C,38
[100He]CN(C)CC[101He],2,CCN(C)C,38
[100He]CN(C)C[101He],2,CN(C)C,38
[100He]COCOC[101He],2,COCOC,39
[100He]COC[101He],2,COC,39
[100He]COCC[101He],2,CCOC,39
[100He]COCCC[101He],2,CCCOC,39
[100He]CC(=O)COC[101He],2,COCC(C)=O,39
[100He]COCCCOC[101He],2,COCCCOC,39
[100He]COCCCCCC[101He],2,CCCCCCOC,39
[100He]c1sccc1[101He],2,c1ccsc1,40
[100He]c1c([101He])sc2ccsc12,2,c1cc2sccc2s1,40
[100He]c1sc2ccsc2c1[101He],2,c1cc2sccc2s1,40
[100He]c1sc([101He])c2sccc12,2,c1cc2cscc2s1,40
[100He]c1nc(=O)c([101He])c[nH]1,2,O=c1cc[nH]cn1,41
[100He]c1nc([101He])c[nH]1,2,c1c[nH]cn1,41
[100He]c1c[nH]c([101He])nc1=O,2,O=c1cc[nH]cn1,41
[100He]CSSC[101He],2,CSSC,42
[100He]C=C1C=CCNC1[101He],2,C=C1C=CCNC1,43
[100He]C1CC=CC1[101He],2,C1=CCCC1,43
[100He]C1C=CC([101He])S1,2,C1=CCSC1,43
[100He]C1CC1[101He],2,C1CC1,43
[100He]C1CCC([101He])S1,2,C1CCSC1,43
[100He]C1COCCC1[101He],2,C1CCOCC1,43
[100He]C1CC=CCC1[101He],2,C1=CCCCC1,43
[100He]C1COCC1[101He],2,C1CCOC1,43
[100He]C1CNCCC1[101He],2,C1CCNCC1,43
[100He]C1CCNCC1[101He],2,C1CCNCC1,43
[100He]C1OC1[101He],2,C1CO1,43
[100He]C1COC2C([101He])COC12,2,C1CC2OCCC2O1,43
[100He]C1CCOCC1[101He],2,C1CCOCC1,43
[100He]C1CC2CC1CC2[101He],2,C1CC2CCC1C2,43
[100He]C1CC2CC2C1[101He],2,C1CC2CC2C1,43
[100He]C1N=COC1[101He],2,C1=NCCO1,43
[100He]C1OCCC1[101He],2,C1CCOC1,43
[100He]C1CCC1[101He],2,C1CCC1,43
[100He]c1sc([101He])c2c1CCC2,2,c1scc2c1CCC2,44
[100He]c1sc2c(c1[101He])CCC2,2,c1cc2c(s1)CCC2,44
[100He]c1sc2c(c1[101He])CSC2,2,c1cc2c(s1)CSC2,44
[100He]C1=NC(=O)C([101He])=CC1,2,O=C1C=CCC=N1,45
[100He]C1=CCC([101He])=NC1=O,2,O=C1C=CCC=N1,45
[100He]C1=NN=C([101He])CC1,2,C1=NN=CCC1,46
[100He]C1=NN=C([101He])C1,2,C1=NN=CC1,46
[100He]C1=NC=C([101He])C1,2,C1=CN=CC1,46
[100He]CC([101He])OC(=O)CCl,2,CCOC(=O)CCl,47
[100He]CC([101He])OC,2,CCOC,47
[100He]CC([101He])OC(C)=O,2,CCOC(C)=O,47
[100He]CC([101He])OC(=O)CCC,2,CCCC(=O)OCC,47
[100He]CC([101He])OC(=S)SC,2,CCOC(=S)SC,47
[100He]CC([101He])OC(=O)C(C)=O,2,CCOC(=O)C(C)=O,47
[100He]CC([101He])OC(=O)CC,2,CCOC(=O)CC,47
[100He]C1C(=O)C=CC1[101He],2,O=C1C=CCC1,48
[100He]C1CC(=O)C([101He])CC1=O,2,O=C1CCC(=O)CC1,48
[100He]C1NC(=O)C([101He])NC1=O,2,O=C1CNC(=O)CN1,48
[100He]C1CC(=O)C([101He])C1=O,2,O=C1CCC(=O)C1,48
[100He]C1CC(=O)C([101He])C(=O)C1,2,O=C1CCCC(=O)C1,48
[100He]C1C(=O)OC(=O)C1[101He],2,O=C1CCC(=O)O1,48
[100He]C1C(=O)CC([101He])C1=O,2,O=C1CCC(=O)C1,48
[100He]C1C(=O)CC([101He])CC1=O,2,O=C1CCCC(=O)C1,48
[100He]c1ncc([101He])c(=O)[nH]1,2,O=c1ccnc[nH]1,49
[100He]c1cnc([101He])[nH]c1=O,2,O=c1ccnc[nH]1,49
[100He]c1nc2c(s1)C([101He])CO2,2,c1nc2c(s1)CCO2,50
[100He]c1nc2c(s1)C([101He])CC2,2,c1nc2c(s1)CCC2,50
[100He]C1CCc2nc([101He])sc21,2,c1nc2c(s1)CCC2,50
[100He]CC(=O)NC([101He])C,2,CCNC(C)=O,51
[100He]CC(=O)NC([101He])CC,2,CCCNC(C)=O,51
[100He]CC(=O)NC([101He])CCC,2,CCCCNC(C)=O,51
[100He]C(=O)NC([101He])CC,2,CCCNC=O,51
[100He]C(=O)NC([101He])CCC,2,CCCCNC=O,51
[100He]C(=O)ON=C([101He])C(C)=O,2,CC(=O)C=NOC=O,52
[100He]C(=O)ON=C([101He])C#N,2,N#CC=NOC=O,52
[100He]C(=O)ON=C(C)C([101He])=O,2,CC(C=O)=NOC=O,52
[100He]C(=O)ON=C([101He])C,2,CC=NOC=O,52
[100He]C#CC(=O)C#C[101He],2,C#CC(=O)C#C,53
[100He]C#C[Si]([101He])(CC)CC,2,C#C[SiH](CC)CC,53
[100He]C#C[101He],2,C#C,53
[100He]C#CC(O)C#C[101He],2,C#CC(O)C#C,53
[100He]C#CC#C[101He],2,C#CC#C,53
[100He]c1coc([101He])n1,2,c1cocn1,54
[100He]c1cc([101He])on1,2,c1cnoc1,54
[100He]c1cc([101He])co1,2,c1ccoc1,54
[100He]c1nc([101He])co1,2,c1cocn1,54
[100He]c1coc([101He])c1,2,c1ccoc1,54
[100He]C1=[SH]c2nc([101He])sc2N1,2,C1=[SH]c2ncsc2N1,55
[100He]c1[nH]cnc1[101He],2,c1c[nH]cn1,56
[100He]c1ncoc1[101He],2,c1cocn1,56
[100He]c1scnc1[101He],2,c1cscn1,56
[100He]c1nonc1[101He],2,c1cnon1,56
[100He]c1nccnc1[101He],2,c1cnccn1,56
[100He]c1conc1[101He],2,c1cnoc1,56
[100He]c1nsnc1[101He],2,c1cnsn1,56
[100He]c1ncsc1[101He],2,c1cscn1,56
[100He]C=C1CC(=O)C([101He])C1=O,2,C=C1CC(=O)CC1=O,57
[100He]C1C(=O)CC(=C[101He])C1=O,2,C=C1CC(=O)CC1=O,57
[100He]CCCCCCCC[101He],2,CCCCCCCC,58
[100He]CCCC[101He],2,CCCC,58
[100He]CCCCCCC[101He],2,CCCCCCC,58
[100He]CCC[101He],2,CCC,58
[100He]CCCCC[101He],2,CCCCC,58
[100He]CCCCCC[101He],2,CCCCCC,58
[100He]C1CC=CC=C1[101He],2,C1=CCCC=C1,59
[100He]c1cc([101He])n[nH]1,2,c1cn[nH]c1,60
[100He]c1cc([101He])[nH]c(=O)n1,2,O=c1nccc[nH]1,60
[100He]c1cc([101He])nc(=O)[nH]1,2,O=c1nccc[nH]1,60
[100He]C1=Cc2sc([101He])cc2C1,2,C1=Cc2sccc2C1,61
[100He]c1cc2c(s1)C=C([101He])C2,2,C1=Cc2sccc2C1,61
[100He]c1oncc1[101He],2,c1cnoc1,62
[100He]c1cnoc1[101He],2,c1cnoc1,62
[100He]C1([101He])C=CC(=O)C=C1,2,O=C1C=CCC=C1,63
[100He]C1([101He])C=N1,2,C1=NC1,63
[100He]C1C=C([101He])N=CN1,2,C1=CN=CNC1,63
[100He]C1([101He])Cc2ccccc21,2,c1ccc2c(c1)CC2,63
[100He]C1([101He])N=N1,2,C1N=N1,63
[100He]C([101He])(OCC)OCC,2,CCOCOCC,64
[100He]C([101He])(CC)CC,2,CCCCC,64
[100He]C([101He])(C)C,2,CCC,64
[100He]C([101He])(F)F,2,FCF,64
[100He]C([101He])(C)C(F)(F)F,2,CCC(F)(F)F,64
[100He]C=CC([101He])=C(C#N)[N+]#[C-],2,[C-]#[N+]C(C#N)=CC=C,65
[100He]C(C#N)=C([101He])[N+]#[C-],2,[C-]#[N+]C=CC#N,65
[100He]C([101He])=C(C#N)[N+]#[C-],2,[C-]#[N+]C(=C)C#N,65
[100He]C(C#N)=C([101He])C#N,2,N#CC=CC#N,65
[100He]C(C#N)=C([101He])CC,2,CCC=CC#N,65
[100He]CC([101He])(C)O,2,CC(C)O,66
[100He]CC(C)(C)C([101He])(C)C,2,CC(C)C(C)(C)C,66
[100He]CC([101He])(C)C,2,CC(C)C,66
[100He]C(=O)NCCC[101He],2,CCCNC=O,67
[100He]C(=O)NC[101He],2,CNC=O,67
[100He]C(=O)NCC[101He],2,CCNC=O,67
[100He]c1csc2cc([101He])sc12,2,c1cc2sccc2s1,68
[100He]c1csc2c([101He])csc12,2,c1cc2sccc2s1,68
[100He]c1cc2scc([101He])c2s1,2,c1cc2sccc2s1,68
[100He]C1=C([101He])C(=O)NC1,2,O=C1C=CCN1,69
[100He]C1=C([101He])C(=O)CC1,2,O=C1C=CCC1,69
[100He]C1=NC([101He])CO1,2,C1=NCCO1,70
[100He]C1CSC([101He])=N1,2,C1=NCCS1,70
[100He]C1=NC2SC([101He])=NC2S1,2,C1=NC2SC=NC2S1,70
[100He]C1=NC([101He])CS1,2,C1=NCCS1,70
[100He]C=CCC[101He],2,C=CCC,71
[100He]CC([101He])O,2,CCO,71
[100He]CC([101He])N,2,CCN,71
[100He]CSCCSC[101He],2,CSCCSC,71
[100He]C(O)C[101He],2,CCO,71
[100He]C=C1CCC(=C[101He])CC1,2,C=C1CCC(=C)CC1,71
[2H]C([2H])([100He])[101He],2,[2H]C[2H],71
[100He]CNC(C)(C)C[101He],2,CNC(C)(C)C,71
[100He]CC([101He])CC(=O)O,2,CCCC(=O)O,71
[100He]CSCC[101He],2,CCSC,71
[100He]CNC(C)C[101He],2,CNC(C)C,71
[100He]CN(C[101He])CC,2,CCN(C)C,71
[100He]CC[101He],2,CC,71
[100He]C[101He],2,C,71
[100He]CC(CC)CC(C)C[101He],2,CCC(C)CC(C)C,71
[100He]CC=C[101He],2,C=CC,71
[100He]CC(C)OC[101He],2,COC(C)C,71
[100He]C(C)(C)C[101He],2,CC(C)C,71
[100He]CNC([101He])C,2,CCNC,71
[100He]C(Cl)CC[101He],2,CCCCl,71
[100He]CNC[101He],2,CNC,71
[100He]CC([101He])C,2,CCC,71
[100He]CCNC[101He],2,CCNC,71
[100He]C=NC[101He],2,C=NC,71
[100He]C=CC[101He],2,C=CC,71
[100He]C(C)(O)C[101He],2,CC(C)O,71
[100He]c1cncc([101He])c1,2,c1ccncc1,72
[100He]c1cnc([101He])s1,2,c1cscn1,72
[100He]c1nccc([101He])n1,2,c1cncnc1,72
[100He]c1ncc([101He])s1,2,c1cscn1,72
[100He]c1cc([101He])ccn1,2,c1ccncc1,72
[100He]c1cnc([101He])nc1,2,c1cncnc1,72
[100He]c1cnc([101He])o1,2,c1cocn1,72
[100He]c1ncc([101He])o1,2,c1cocn1,72
[100He]c1ncnc([101He])n1,2,c1ncncn1,72
[100He]c1ncc([101He])cn1,2,c1cncnc1,72
[100He]c1ncc([101He])[nH]1,2,c1c[nH]cn1,72
[100He]c1ccc([101He])cn1,2,c1ccncc1,72
[100He]c1sc([101He])c2c1CN=N2,2,c1scc2c1CN=N2,73
[100He]c1sc([101He])c2c1N=NC2,2,c1scc2c1CN=N2,73
[100He]c1sc2cscc2c1[101He],2,c1cc2cscc2s1,74
[100He]c1c([101He])sc2cscc12,2,c1cc2cscc2s1,74
[100He]C=CC(=O)OC[101He],2,C=CC(=O)OC,75
[100He]C=CC(=O)C=C[101He],2,C=CC(=O)C=C,75
[100He]C(=O)C=CC([101He])=O,2,O=CC=CC=O,75
[100He]C=CC([101He])=O,2,C=CC=O,75
[100He]C=CC(=C)C([101He])=C,2,C=CC(=C)C=C,75
[100He]C(=O)C([101He])=O,2,O=CC=O,76
[100He]C(=O)C=C([101He])C,2,CC=CC=O,76
[100He]C(C)NC([101He])=O,2,CCNC=O,76
[100He]CC(NO)C(=O)C([101He])=O,2,CC(NO)C(=O)C=O,76
[100He]C(=O)NCC=C[101He],2,C=CCNC=O,76
[100He]C(=O)C=C([101He])O,2,O=CC=CO,76
[100He]C(=O)NNC([101He])=O,2,O=CNNC=O,76
[100He]C=NOC([101He])=O,2,C=NOC=O,76
[100He]C(=O)C([101He])(C)C,2,CC(C)C=O,76
[100He]CC(=CC([101He])=O)SC,2,CSC(C)=CC=O,76
[100He]C(O)=CC([101He])=O,2,O=CC=CO,76
[100He]C(=O)C([101He])=CN(C)C,2,CN(C)C=CC=O,76
[100He]C([101He])=O,2,C=O,76
[100He]CC(C)=CC([101He])=O,2,CC(C)=CC=O,76
[100He]C(OC)C(N)C([101He])=O,2,COCC(N)C=O,77
[100He]C(OCC)C(N)C([101He])=O,2,CCOCC(N)C=O,77
[100He]C(C)=C([101He])OCC,2,CC=COCC,78
[100He]C(OCC)=C([101He])OCC,2,CCOC=COCC,78
[100He]C(C)CCCC([101He])CC,2,CCCCCCCC,79
[100He]C(C)CCC([101He])CC,2,CCCCCCC,79
[100He]C1=C([101He])CC(=O)C1,2,O=C1CC=CC1,80
[100He]C1=C([101He])C(=C)CCC1,2,C=C1C=CCCC1,80
[100He]C1=C([101He])CCC=C1,2,C1=CCCC=C1,80
[100He]C1=C([101He])CCCC1,2,C1=CCCCC1,80
[100He]C1=C([101He])CCC1,2,C1=CCCC1,80
[100He]c1cc2sc([101He])cc2o1,2,c1cc2sccc2o1,81
[100He]c1ccc([101He])o1,2,c1ccoc1,81
[100He]c1cc2oc([101He])cc2[nH]1,2,c1cc2occc2[nH]1,81
[100He]c1cc2oc([101He])cc2o1,2,c1cc2occc2o1,81
[100He]C1=[SH]C([101He])=CN1,2,C1=C[SH]=CN1,82
[100He]C1=C=CC([101He])=CN1,2,C1=CC=CNC=1,82
[100He]C=CC=C([101He])C=C,2,C=CC=CC=C,83
[100He]C=CC=CC=C([101He])C=C,2,C=CC=CC=CC=C,83
[100He]C=C([101He])C=C,2,C=CC=C,83
[100He]c1csc([101He])n1,2,c1cscn1,84
[100He]c1nc2sc([101He])nc2s1,2,c1nc2scnc2s1,84
[100He]c1cc([101He])no1,2,c1cnoc1,84
[100He]c1nc([101He])cs1,2,c1cscn1,84
[100He]CCC(=O)NC[101He],2,CCC(=O)NC,85
[100He]CCC(=O)NCC([101He])O,2,CCC(=O)NCCO,85
[100He]CC(=O)NCC([101He])O,2,CC(=O)NCCO,85
[100He]C1C(=O)CCC([101He])C1=O,2,O=C1CCCC(=O)C1,86
[100He]C1CCC(=O)C([101He])C1=O,2,O=C1CCCC(=O)C1,86
[100He]C1CCC(=O)C([101He])C1,2,O=C1CCCCC1,86
[100He]C1CC=C([101He])CC1,2,C1=CCCCC1,86
[100He]CN(C)C([101He])=O,2,CN(C)C=O,87
[100He]C(=O)OCN(C)C([101He])=O,2,CN(C=O)COC=O,87
[100He]CCN(C)C([101He])=O,2,CCN(C)C=O,87
[100He]c1ccc2c(c1)CC2[101He],2,c1ccc2c(c1)CC2,88
[100He]C1Cc2ccc([101He])cc21,2,c1ccc2c(c1)CC2,88
[100He]c1ccc2c(c1)C([101He])C2,2,c1ccc2c(c1)CC2,88
[100He]C1Cc2cc([101He])ccc21,2,c1ccc2c(c1)CC2,88
[100He]c1c[nH]c(=O)nc1[101He],2,O=c1nccc[nH]1,89
[100He]c1n[nH]cc1[101He],2,c1cn[nH]c1,89
[100He]c1c[nH]nc1[101He],2,c1cn[nH]c1,89
[100He]c1occc1[101He],2,c1ccoc1,90
[100He]c1ccoc1[101He],2,c1ccoc1,90
[100He]CNC(=O)C[101He],2,CNC(C)=O,91
[100He]CC(=O)NCCC[101He],2,CCCNC(C)=O,91
[100He]CCCNC(=O)C[101He],2,CCCNC(C)=O,91
[100He]CC(=O)NC[101He],2,CNC(C)=O,91
[100He]CC(=O)NCC[101He],2,CCNC(C)=O,91
[100He]C([101He])(O)C(N)=O,2,NC(=O)CO,92
[100He]C([101He])(O)C(=O)OC,2,COC(=O)CO,92
[100He]C([101He])(O)C(=O)O,2,O=C(O)CO,92
[100He]c1nc2sc([101He])cc2s1,2,c1nc2sccc2s1,93
[100He]c1cc2sc([101He])cc2s1,2,c1cc2sccc2s1,93
[100He]c1cc2cc([101He])sc2s1,2,c1cc2ccsc2s1,93
[100He]C1=[SH]c2cc([101He])sc2C1,2,C1=[SH]c2ccsc2C1,93
[100He]C1C2C=CC(O2)C1[101He],2,C1=CC2CCC1O2,94
[100He]C(=O)OCCOC([101He])=O,2,O=COCCOC=O,95
[100He]C(=O)OCC[101He],2,CCOC=O,95
[100He]C(=O)OCCC[101He],2,CCCOC=O,95
[100He]C(=O)OC[101He],2,COC=O,95
[100He]C(=O)OCOC([101He])=O,2,O=COCOC=O,95
[100He]C(CCC)CC([101He])CC,2,CCCCCCCC,96
[100He]C(CC)CC([101He])CC,2,CCCCCCC,96
[100He]C(CC)CC([101He])CCC,2,CCCCCCCC,96
[100He]C1=CCC([101He])C=C1,2,C1=CCCC=C1,97
[100He]C1=CC([101He])CC=C1,2,C1=CCCC=C1,97
[100He]C1C=C([101He])C=CC1,2,C1=CCCC=C1,97
[100He]c1cnncc1[101He],2,c1ccnnc1,98
[100He]c1ccncc1[101He],2,c1ccncc1,98
[100He]c1cnccc1[101He],2,c1ccncc1,98
[100He]C1=C([101He])NC(=O)C1,2,O=C1CC=CN1,99
